,ID
8446,nm2345205
8449,nm0309846
8450,nm0970821
8451,nm0410348
8452,nm0867780
8455,nm0215628
8456,nm0060780
8466,nm0016375
8467,nm1344222
8469,nm3346912
8472,nm0714378
8477,nm0786803
8484,nm10236692
8491,nm0604416
8492,nm0452831
8493,nm7630295
8500,nm0486492
8501,nm0857855
8502,nm2061168
8503,nm1711764
8504,nm3359881
8505,nm1742325
8509,nm9501339
8513,nm0083411
8528,nm1127992
8533,nm10582347
8537,nm1422395
8538,nm2142924
8539,nm11613848
8541,nm1945348
8547,nm0092291
8558,nm1842777
8559,nm0695807
8561,nm0898223
8564,nm0397386
8567,nm15660682
8569,nm2081454
8571,nm2010399
8572,nm2286484
8573,nm2017006
8574,nm2304645
8575,nm0451371
8576,nm0797816
8581,nm3175092
8585,nm2223623
8586,nm0204914
8592,nm2757388
8594,nm1305361
8597,nm3664070
8601,nm0545175
8603,nm2291703
8604,nm11883295
8608,nm0062359
8609,nm5401821
8611,nm1655327
8613,nm15608917
8617,nm3041807
8619,nm11397928
8620,nm0651872
8621,nm7690204
8622,nm2388444
8624,nm0517155
8626,nm7042319
8627,nm2378577
8630,nm2603726
8631,nm2147913
8634,nm0407329
8637,nm1404505
8639,nm3563631
8642,nm7695828
8643,nm2759893
8647,nm3301394
8652,nm2362404
8655,nm1992817
8656,nm1463127
8657,nm1912704
8658,nm2379528
8666,nm0094445
8668,nm3072467
8674,nm4794498
8675,nm0302020
8677,nm3640837
8678,nm3218213
8682,nm3018114
8688,nm3540035
8689,nm3119499
8693,nm2804996
8694,nm10018645
8695,nm3756517
8696,nm1243998
8700,nm2858240
8702,nm3010965
8703,nm15663092
8705,nm2789721
8708,nm3123109
8711,nm11446528
8712,nm8752314
8714,nm0547732
8716,nm4971490
8717,nm0720743
8725,nm6682917
8726,nm13979349
8727,nm2551393
8730,nm2919937
8732,nm0408093
8736,nm9038704
8738,nm3313124
8739,nm0049658
8740,nm3068515
8743,nm3308253
8745,nm14334490
8746,nm3648519
8750,nm2569290
8751,nm11847450
8752,nm3905923
8755,nm1086769
8756,nm0229105
8757,nm15667298
8760,nm1845027
8761,nm0028805
8762,nm9043697
8766,nm1154750
8772,nm3816429
8773,nm3398352
8774,nm4516422
8775,nm3015033
8776,nm0754416
8783,nm4086647
8784,nm6996153
8791,nm11973821
8793,nm3756192
8795,nm3560456
8796,nm3086235
8800,nm1313751
8803,nm5978166
8805,nm3231359
8808,nm3437715
8810,nm3395559
8813,nm3360446
8816,nm2208490
8820,nm4070553
8821,nm3361920
8830,nm0250574
8831,nm3465716
8835,nm2965377
8846,nm0123042
8851,nm3437671
8858,nm3376940
8859,nm11159967
8860,nm10685129
8863,nm3239179
8870,nm3216939
8875,nm3290683
8876,nm1621861
8877,nm1717383
8880,nm2200787
8882,nm12806972
8884,nm4302620
8887,nm6934315
8892,nm2020372
8893,nm3735588
8901,nm3456321
8902,nm7749882
8906,nm11972334
8907,nm1264661
8908,nm8091787
8909,nm10175026
8910,nm3627041
8911,nm13860154
8915,nm3890057
8916,nm0126969
8920,nm3914766
8922,nm7878629
8923,nm0643904
8925,nm0239345
8928,nm0026392
8930,nm10541709
8933,nm2273474
8944,nm10413284
8953,nm12399289
8955,nm11483199
8956,nm0689436
8959,nm1235458
8963,nm2803769
8964,nm2909124
8970,nm0093649
8973,nm1731425
8978,nm2957324
8989,nm3121639
8990,nm2265277
8993,nm1584283
8998,nm2075208
9005,nm1671513
9009,nm4280726
9010,nm9915564
9017,nm4288659
9018,nm4112068
9019,nm1322735
9022,nm4593082
9025,nm3078715
9026,nm0623128
9030,nm5602502
9033,nm0145505
9034,nm14080543
9035,nm0467927
9037,nm3962166
9038,nm14810627
9040,nm14558092
9043,nm5787342
9049,nm1352670
9054,nm1253955
9055,nm4446056
9056,nm3919984
9058,nm10906443
9060,nm4442364
9061,nm4445696
9063,nm4512197
9065,nm4502180
9066,nm4512074
9075,nm11017972
9077,nm1991216
9078,nm1349963
9082,nm0870945
9093,nm3710415
9094,nm5248577
9095,nm4132038
9096,nm4891270
9097,nm4553908
9098,nm4705883
9099,nm4579666
9101,nm5025442
9102,nm13613816
9104,nm0345741
9107,nm4442049
9111,nm2337097
9112,nm5097354
9114,nm4356839
9120,nm0739973
9126,nm2365927
9131,nm4782407
9132,nm4611083
9142,nm4622234
9146,nm3117945
9148,nm0494287
9149,nm4444700
9151,nm15589381
9153,nm4877987
9154,nm4884029
9155,nm10538350
9158,nm4852594
9160,nm4677090
9164,nm4425740
9165,nm2486268
9166,nm4044843
9170,nm5576173
9171,nm15613854
9173,nm0072556
9174,nm4283672
9175,nm12902042
9176,nm5368103
9177,nm5011867
9178,nm1742752
9179,nm5551244
9180,nm5343397
9182,nm4317644
9183,nm4770217
9184,nm4536815
9185,nm5627847
9189,nm4637023
9193,nm5090101
9197,nm5179652
9201,nm1186879
9202,nm0389463
9208,nm1235082
9215,nm3315901
9222,nm3451483
9224,nm0845185
9230,nm4723934
9232,nm4976192
9235,nm2807708
9239,nm5329884
9246,nm2099014
9248,nm5176237
9250,nm2802458
9251,nm15167455
9252,nm5632018
9253,nm5363996
9254,nm6493609
9256,nm5191340
9257,nm2868978
9260,nm5495693
9264,nm4598219
9265,nm4098461
9275,nm0315640
9278,nm5737267
9280,nm5392442
9281,nm1092628
9282,nm5167200
9283,nm1051211
9285,nm5396986
9290,nm3637666
9297,nm1707812
9298,nm5695509
9300,nm2579025
9307,nm10376938
9308,nm0138013
9309,nm5712527
9310,nm5631763
9312,nm0274418
9313,nm12048490
9314,nm5519350
9318,nm5753294
9319,nm10663940
9322,nm5503428
9323,nm1361556
9324,nm2380472
9325,nm2977493
9326,nm6588204
9328,nm5503232
9330,nm1711344
9331,nm5807918
9333,nm5567108
9337,nm8451738
9339,nm9379283
9340,nm5855960
9341,nm5856482
9344,nm6767851
9345,nm6710649
9346,nm2907225
9350,nm5409944
9351,nm5853160
9355,nm5575042
9356,nm5864709
9359,nm5961236
9363,nm3447387
9365,nm0433603
9367,nm5990634
9369,nm6154227
9370,nm15223780
9372,nm5874824
9373,nm12762898
9374,nm6537165
9375,nm2201022
9377,nm0218884
9380,nm0339008
9384,nm5411225
9385,nm2317224
9386,nm3065133
9389,nm0488686
9390,nm6148078
9391,nm5109749
9392,nm5953719
9394,nm4694013
9399,nm6296589
9403,nm6222090
9409,nm6158375
9410,nm6615039
9412,nm1295960
9414,nm3446962
9415,nm1152485
9419,nm0598166
9421,nm5998777
9425,nm10775528
9431,nm0131264
9432,nm3026010
9433,nm6444775
9436,nm5155912
9440,nm6340784
9441,nm6517264
9442,nm2061734
9443,nm6541296
9445,nm0536697
9446,nm12540829
9448,nm6447086
9450,nm2310997
9451,nm6568417
9456,nm5926430
9459,nm7278099
9467,nm2684816
9469,nm3444964
9471,nm7915320
9472,nm4087346
9476,nm6512672
9477,nm6579573
9478,nm5157609
9479,nm0131603
9480,nm6714626
9481,nm7941325
9484,nm6523679
9486,nm5847990
9487,nm2353447
9490,nm12885289
9491,nm6680107
9494,nm6665695
9498,nm6481337
9501,nm6397793
9502,nm6671992
9505,nm0331479
9509,nm3253771
9511,nm1557309
9515,nm6530622
9518,nm0851863
9520,nm1682618
9521,nm6060296
9525,nm12170442
9530,nm12287738
9533,nm6478253
9534,nm6592336
9536,nm0059656
9538,nm13471559
9539,nm14158968
9540,nm7020065
9543,nm2446786
9544,nm6822222
9549,nm5796600
9552,nm5343082
9555,nm10599753
9560,nm7108250
9564,nm6979926
9569,nm13361036
9570,nm6123215
9574,nm7197190
9575,nm7609678
9577,nm6352828
9578,nm13703276
9579,nm1880499
9580,nm11972235
9583,nm6854275
9585,nm1196107
9586,nm1931205
9588,nm6825967
9591,nm7355704
9592,nm7308369
9593,nm6603853
9597,nm7327253
9599,nm2843100
9600,nm11977963
9605,nm1576284
9613,nm7556536
9614,nm6531619
9615,nm12515429
9616,nm0330184
9619,nm2410443
9621,nm7398521
9623,nm2907222
9625,nm6551426
9626,nm8426078
9627,nm8411757
9628,nm7513399
9629,nm6449075
9631,nm6951861
9634,nm7905387
9637,nm13192396
9646,nm6558707
9647,nm8612387
9651,nm7830169
9652,nm7617284
9654,nm7267984
9657,nm6793763
9658,nm11432882
9661,nm7841387
9662,nm2027996
9663,nm1139516
9665,nm7812056
9667,nm5027906
9668,nm8119174
9670,nm7230835
9672,nm15602400
9679,nm2497565
9680,nm7914358
9682,nm7202562
9683,nm7211210
9685,nm8292247
9686,nm8004100
9688,nm7146920
9689,nm7297528
9690,nm4050246
9692,nm2593316
9694,nm10088143
9695,nm8348824
9703,nm5619307
9706,nm6490999
9708,nm2218544
9709,nm11536515
9710,nm8124723
9713,nm5193387
9717,nm6633542
9718,nm7418204
9721,nm4543532
9722,nm2227887
9725,nm8030915
9726,nm3802039
9727,nm7189100
9728,nm7025722
9729,nm8035632
9730,nm4143658
9732,nm6309020
9735,nm5056249
9736,nm3539159
9737,nm4454866
9739,nm4329320
9744,nm0935876
9745,nm9847221
9747,nm2508194
9749,nm2164826
9750,nm7759387
9751,nm0541796
9752,nm8273844
9753,nm0284869
9754,nm6733156
9757,nm10334193
9758,nm3709976
9765,nm8331032
9766,nm0798446
9768,nm7976766
9769,nm7719608
9770,nm7654483
9771,nm6061255
9773,nm6706672
9774,nm1739904
9775,nm10712072
9777,nm14806766
9778,nm7803801
9782,nm0528268
9785,nm14648097
9789,nm8621438
9794,nm2105598
9796,nm6434639
9797,nm4791356
9798,nm9862858
9801,nm4311293
9804,nm8587050
9806,nm0563254
9809,nm2362660
9810,nm8322559
9813,nm8649221
9815,nm7312806
9818,nm8668507
9821,nm3657280
9824,nm7891978
9826,nm10704171
9827,nm0300470
9831,nm9643187
9833,nm9017723
9835,nm8814697
9839,nm9862387
9840,nm10291780
9844,nm8829055
9846,nm7386805
9847,nm1548080
9848,nm10098747
9850,nm6944307
9851,nm2218538
9853,nm4973690
9855,nm4910907
9856,nm3772731
9857,nm11507993
9858,nm2579244
9859,nm2639430
9862,nm8025915
9864,nm9033059
9865,nm5684682
9866,nm7416093
9867,nm8116327
9873,nm8604638
9874,nm9146007
9876,nm8586486
9880,nm2929871
9881,nm8989758
9883,nm6515867
9885,nm6395915
9886,nm9840685
9896,nm2908430
9898,nm6042347
9899,nm8477684
9901,nm5947216
9903,nm0542887
9904,nm0223602
9905,nm0317286
9906,nm6521934
9907,nm8856636
9908,nm9208932
9909,nm14873651
9910,nm0528824
9912,nm9151963
9913,nm9176797
9915,nm9722097
9916,nm10509265
9918,nm0756028
9921,nm9253241
9922,nm10743148
9931,nm9416020
9932,nm7288787
9933,nm3053827
9934,nm4224048
9937,nm9650423
9939,nm9985724
9940,nm8898470
9941,nm4322732
9942,nm9463575
9944,nm9389102
9945,nm1511731
9948,nm1104889
9949,nm5423167
9954,nm8390021
9955,nm9097347
9961,nm3473085
9963,nm6476071
9965,nm9497120
9969,nm10395866
9970,nm6140641
9971,nm9590579
9974,nm12231355
9975,nm8473094
9979,nm9582832
9980,nm5241898
9983,nm6741360
9986,nm0586712
9989,nm1758069
9991,nm8946110
9992,nm0859242
9995,nm4683400
9996,nm7861765
10001,nm10878985
10002,nm9760132
10006,nm9948873
10007,nm9700374
10008,nm6904546
10010,nm0843763
10011,nm9029751
10012,nm6352270
10015,nm9815399
10016,nm0285907
10017,nm4662933
10019,nm15466830
10021,nm5387688
10023,nm1067600
10024,nm6840485
10025,nm5531439
10028,nm10098452
10029,nm8695039
10030,nm10081741
10031,nm3298969
10032,nm10160852
10034,nm9352978
10036,nm5504370
10042,nm1109828
10043,nm2422604
10044,nm9809276
10049,nm10003202
10050,nm11128530
10051,nm10413970
10053,nm0808123
10054,nm7404047
10057,nm12001205
10059,nm8369807
10061,nm10061242
10062,nm3873056
10068,nm10132336
10070,nm10145487
10071,nm15457554
10072,nm9895276
10073,nm12050070
10074,nm4452491
10075,nm6363733
10077,nm8589627
10079,nm10974890
10080,nm12496229
10081,nm10823535
10082,nm1907967
10083,nm10268975
10085,nm5777835
10086,nm10020226
10089,nm2568657
10091,nm10252093
10096,nm10289762
10097,nm6776467
10102,nm3351819
10103,nm15637821
10105,nm4725019
10107,nm15543569
10111,nm9653682
10112,nm10393915
10113,nm10421488
10115,nm9136138
10122,nm10784127
10123,nm7343304
10124,nm8272878
10125,nm10135530
10128,nm11430818
10131,nm7108471
10133,nm10132997
10134,nm12776646
10136,nm10633315
10141,nm11180369
10142,nm12071871
10149,nm0126524
10155,nm10636372
10156,nm8681763
10162,nm10780425
10167,nm0136786
10168,nm3095395
10169,nm8965019
10172,nm10814833
10173,nm15739190
10176,nm11680875
10177,nm0673643
10178,nm5630493
10179,nm11034567
10180,nm8639079
10181,nm10196565
10182,nm11583171
10185,nm10186453
10187,nm11085086
10188,nm10438512
10189,nm7532240
10193,nm1763788
10194,nm11157913
10195,nm9418318
10197,nm11366967
10201,nm11094745
10204,nm0265610
10208,nm0056436
10209,nm10472273
10210,nm5343367
10211,nm7553023
10213,nm13591013
10217,nm10075294
10218,nm5977108
10220,nm13118042
10221,nm7633590
10222,nm8890163
10224,nm9936647
10225,nm10163216
10226,nm10931593
10228,nm11707374
10231,nm12547831
10233,nm8668994
10234,nm6962458
10237,nm11307605
10238,nm9374927
10240,nm10026347
10241,nm11361347
10242,nm13370171
10243,nm7585878
10244,nm10625508
10246,nm6784988
10248,nm8091885
10249,nm11686416
10250,nm12887350
10253,nm6208051
10254,nm7024798
10255,nm14761707
10259,nm11175692
10260,nm11617232
10263,nm11725602
10264,nm13580111
10265,nm9169945
10266,nm12559119
10272,nm14724246
10273,nm4036191
10278,nm11813307
10279,nm0531042
10280,nm10426510
10281,nm0546280
10283,nm12723870
10284,nm11496744
10285,nm1655668
10287,nm10414454
10288,nm7707649
10289,nm12494645
10290,nm13106812
10291,nm11436471
10292,nm12056075
10293,nm6330431
10295,nm0221131
10296,nm8873841
10297,nm4410185
10298,nm11579814
10300,nm4372913
10301,nm11515057
10302,nm6875292
10303,nm13591542
10305,nm13510191
10306,nm2754446
10308,nm11991648
10309,nm8833899
10311,nm4944432
10313,nm11488724
10314,nm10611965
10316,nm6150253
10319,nm2146927
10320,nm12150405
10322,nm2848058
10324,nm14429716
10325,nm13577111
10326,nm14080427
10327,nm12324070
10330,nm7431180
10332,nm10823391
10333,nm11683990
10334,nm12331539
10335,nm12309507
10337,nm13959741
10338,nm12032367
10339,nm9866792
10340,nm5380206
10341,nm9170320
10343,nm10083182
10346,nm12483114
10348,nm2534303
10351,nm1816892
10353,nm11462650
10356,nm11042810
10358,nm12647561
10360,nm11307930
10362,nm12837015
10363,nm12758331
10364,nm0488441
10367,nm0992119
10368,nm12719983
10369,nm1845365
10371,nm12723534
10377,nm12249455
10379,nm12165855
10381,nm12771900
10382,nm10309430
10383,nm0577256
10386,nm13465094
10387,nm11346353
10388,nm8758308
10389,nm12896230
10390,nm12798511
10391,nm2245806
10392,nm9964190
10394,nm6085434
10395,nm10262805
10396,nm11983383
10397,nm14531795
10398,nm4860332
10399,nm13758581
10400,nm13597026
10401,nm14338511
10402,nm12326480
10406,nm13763512
10408,nm14876500
10409,nm2769392
10410,nm11078297
10411,nm9789770
10412,nm13465973
10416,nm14048080
10417,nm11922612
10419,nm13315534
10421,nm0426237
10422,nm12079070
10423,nm14298219
10425,nm10812753
10426,nm9729714
10430,nm13571049
10431,nm12089183
10432,nm5661500
10434,nm9229144
10437,nm9650966
10439,nm5854804
10443,nm14885343
10445,nm4582035
10446,nm13023657
10447,nm13824711
10448,nm10679421
10449,nm0042682
10451,nm13652411
10452,nm13455248
10453,nm2224971
10454,nm10916544
10455,nm14040625
10456,nm13580193
10457,nm0708299
10459,nm13610611
10460,nm5438400
10461,nm0938590
10465,nm10016904
10466,nm10356045
10467,nm13806048
10471,nm4221521
10472,nm4878092
10474,nm3130226
10479,nm12583113
10483,nm13543540
10485,nm14848829
10486,nm10538218
10487,nm13954819
10491,nm5429286
10492,nm14270269
10493,nm0845912
10496,nm6754272
10500,nm14282085
10502,nm8490058
10503,nm8184048
10504,nm14805452
10505,nm13087555
10506,nm3514372
10507,nm3114563
10510,nm14979973
10512,nm7954529
10514,nm1899307
10515,nm14744252
10518,nm14765778
10519,nm10612456
10523,nm10850078
10526,nm10186994
10527,nm0494667
10528,nm0460789
10529,nm11653053
10534,nm1390915
10537,nm0592149
10538,nm0756150
10539,nm0541104
10541,nm0369669
10545,nm0394042
10546,nm1342057
10554,nm0267009
10556,nm0077346
10558,nm0610163
10559,nm0355361
10560,nm1052966
10563,nm0427801
10567,nm0553402
10568,nm0970321
10572,nm1154862
10573,nm0582755
10574,nm1180205
10578,nm12180307
10584,nm0891853
10585,nm0539787
10588,nm1159365
10590,nm0740220
10591,nm3360549
10592,nm0875307
10593,nm11153878
10595,nm0171436
10601,nm1586391
10605,nm1742328
10606,nm1213266
10611,nm8792211
10619,nm1141714
10620,nm1101361
10621,nm0011571
10624,nm1503450
10625,nm0060015
10626,nm7661487
10628,nm1626086
10629,nm1705242
10631,nm1595736
10635,nm13652241
10636,nm0123830
10637,nm11373398
10638,nm0062449
10639,nm0503033
10640,nm1741784
10642,nm1030819
10643,nm3521049
10645,nm4561544
10650,nm0667287
10651,nm10271331
10652,nm1840046
10653,nm2366794
10657,nm0067955
10662,nm0088600
10663,nm2112347
10665,nm2307392
10666,nm0122336
10667,nm2970943
10669,nm3175582
10673,nm1827138
10677,nm6765169
10679,nm0182982
10681,nm3275927
10682,nm1357627
10683,nm0434191
10686,nm1417163
10687,nm2287687
10688,nm2293514
10689,nm10450152
10692,nm3177137
10693,nm2743396
10698,nm1218654
10700,nm2392266
10701,nm2465112
10703,nm1574565
10704,nm2274539
10705,nm2656295
10709,nm2113343
10711,nm0664281
10712,nm2224659
10713,nm3119427
10715,nm2604359
10716,nm2242168
10717,nm1577418
10719,nm7757337
10726,nm1693019
10727,nm2762227
10729,nm3302203
10731,nm2661179
10732,nm2437642
10733,nm3102689
10734,nm2364667
10741,nm3426838
10750,nm0214771
10757,nm14862196
10759,nm3142172
10760,nm4794503
10762,nm3119471
10763,nm1227338
10765,nm3095766
10766,nm0420889
10767,nm0157762
10771,nm3119224
10772,nm0878379
10773,nm3020511
10775,nm2808769
10776,nm2161431
10778,nm0477836
10785,nm2208271
10788,nm3010930
10790,nm2996841
10791,nm3033296
10793,nm2256891
10794,nm0947947
10798,nm3464020
10799,nm11602528
10806,nm3798891
10808,nm3186693
10811,nm2478992
10812,nm2031248
10815,nm11167210
10816,nm3434003
10817,nm1395440
10818,nm2918668
10822,nm6912489
10824,nm0898798
10825,nm12119178
10826,nm12229711
10828,nm0596681
10830,nm3218796
10831,nm1559970
10838,nm0829453
10840,nm0895633
10841,nm8646460
10843,nm0203170
10844,nm11303458
10846,nm3729751
10847,nm0468085
10848,nm10772728
10851,nm2836106
10852,nm2688456
10854,nm9419822
10858,nm2696392
10863,nm0351180
10864,nm2559371
10866,nm2486832
10867,nm4593138
10868,nm3397607
10869,nm3368593
10872,nm0147974
10874,nm1249471
10875,nm13291685
10876,nm9264946
10880,nm1464658
10881,nm0812568
10883,nm0647716
10885,nm2600074
10890,nm7744248
10894,nm3560281
10903,nm3231467
10907,nm5032052
10908,nm3436520
10912,nm3387660
10913,nm3184979
10918,nm3162158
10920,nm0722113
10921,nm11951411
10924,nm15667556
10925,nm1797820
10927,nm0169779
10928,nm0517442
10931,nm3100239
10932,nm2552046
10936,nm3872229
10940,nm0684039
10941,nm3938287
10944,nm2278625
10947,nm3654325
10951,nm0714229
10956,nm1363064
10960,nm3377932
10964,nm1188458
10967,nm0621909
10968,nm3636510
10973,nm1302126
10974,nm0901114
10975,nm1294472
10978,nm2102481
10979,nm3831100
10981,nm0223520
10984,nm4303211
10990,nm4379929
10993,nm0782035
10995,nm2963019
11000,nm0493214
11001,nm3594735
11002,nm0286642
11004,nm3987088
11007,nm4362383
11009,nm13699457
11010,nm0456268
11011,nm3662468
11012,nm3874839
11013,nm3932698
11015,nm4041416
11016,nm3625386
11019,nm1465673
11025,nm3890565
11027,nm0466345
11030,nm3921940
11031,nm3906912
11034,nm0014780
11036,nm0106356
11038,nm0852698
11043,nm2372506
11044,nm8189859
11046,nm3802600
11048,nm3890434
11052,nm15572065
11058,nm4292198
11062,nm3528400
11065,nm3193918
11067,nm1169990
11068,nm0653450
11071,nm15004939
11072,nm4239921
11073,nm4017794
11077,nm1015349
11079,nm4087010
11083,nm0946993
11086,nm0069177
11087,nm1671123
11089,nm3633841
11093,nm5034430
11094,nm1024814
11096,nm3725110
11098,nm3850986
11101,nm15026298
11105,nm4391872
11106,nm2936549
11108,nm1911044
11114,nm1354220
11116,nm1041519
11118,nm4047399
11120,nm4463554
11127,nm1185720
11130,nm1203242
11137,nm10829455
11140,nm0221697
11141,nm5602821
11142,nm5658329
11149,nm3595344
11150,nm11711765
11155,nm15660508
11157,nm0527829
11158,nm4444671
11159,nm0520550
11162,nm4465377
11163,nm3952735
11165,nm5080746
11166,nm6504661
11167,nm4140956
11168,nm5216658
11169,nm15620456
11170,nm10906444
11171,nm1045892
11172,nm4168390
11173,nm4445472
11175,nm12218348
11176,nm4503210
11177,nm4502790
11179,nm4624168
11183,nm4276851
11189,nm1603979
11196,nm0440537
11198,nm3917816
11199,nm5248211
11200,nm3939196
11201,nm1302423
11202,nm4933812
11204,nm4705458
11205,nm4580550
11206,nm0140412
11210,nm15589726
11213,nm2401904
11216,nm4947031
11219,nm0060516
11220,nm4354240
11223,nm8663161
11224,nm0617396
11225,nm5441378
11227,nm2478310
11228,nm2613275
11230,nm0819455
11233,nm1927502
11236,nm11087061
11239,nm1855709
11243,nm1644250
11245,nm4719588
11246,nm0676566
11247,nm0901667
11248,nm4534554
11250,nm4741714
11252,nm3527892
11254,nm4259091
11256,nm4884137
11258,nm2207142
11260,nm4852397
11262,nm0816310
11264,nm1368431
11271,nm4870759
11272,nm4425316
11273,nm0126724
11279,nm6199380
11282,nm10024608
11283,nm5853063
11286,nm10965871
11287,nm5116070
11289,nm11857409
11291,nm5551256
11294,nm4770169
11295,nm4873397
11296,nm5254936
11297,nm5629171
11298,nm4892859
11299,nm9199233
11300,nm4982022
11302,nm4836214
11304,nm5090408
11305,nm3903664
11306,nm4793182
11309,nm3994542
11310,nm1139380
11311,nm4683339
11318,nm5479692
11324,nm2205945
11336,nm5904389
11338,nm0263123
11339,nm5208224
11343,nm5329868
11345,nm0853390
11349,nm0737681
11351,nm0332657
11354,nm5419459
11355,nm5631198
11356,nm5363942
11357,nm8939228
11361,nm15007978
11362,nm5619969
11363,nm10456737
11365,nm12421987
11369,nm4098728
11371,nm2727318
11378,nm5583323
11380,nm5392159
11381,nm9569842
11382,nm4250878
11383,nm5521294
11386,nm0538051
11387,nm5395863
11396,nm5695524
11397,nm6170886
11398,nm4848309
11399,nm5603189
11403,nm0158098
11404,nm4174647
11406,nm1025359
11408,nm5088963
11409,nm1832026
11410,nm5635633
11413,nm3614103
11414,nm5631881
11416,nm2958992
11417,nm2910260
11420,nm5061769
11421,nm13588408
11423,nm5753295
11424,nm5502528
11426,nm1361511
11427,nm2976143
11428,nm6588181
11429,nm0757765
11431,nm5503625
11433,nm1330244
11435,nm1347139
11436,nm5977136
11438,nm8698456
11445,nm3732226
11452,nm0440149
11453,nm5937509
11454,nm10707649
11457,nm4343209
11461,nm6196909
11464,nm5961235
11475,nm3740457
11478,nm1671102
11480,nm5404677
11482,nm1696090
11485,nm0103153
11486,nm6472568
11487,nm12617678
11489,nm4250799
11491,nm5851787
11492,nm3212967
11498,nm6222091
11499,nm6287286
11501,nm6260242
11502,nm4567471
11503,nm0336115
11509,nm0080989
11513,nm6263350
11514,nm5128372
11515,nm5020034
11516,nm4444243
11520,nm0915385
11522,nm6750307
11523,nm1327236
11524,nm1317067
11525,nm3097722
11527,nm3080893
11530,nm12387795
11531,nm15171321
11532,nm6551035
11533,nm6444774
11535,nm4288381
11537,nm6951153
11539,nm7427261
11540,nm6901865
11542,nm4862432
11545,nm6445323
11547,nm5945164
11548,nm6447087
11550,nm6568418
11552,nm2574881
11555,nm0078326
11558,nm10712646
11559,nm7322144
11561,nm0326659
11562,nm6588249
11563,nm1570600
11565,nm15542948
11566,nm11697511
11567,nm5718759
11568,nm13411832
11570,nm3661737
11571,nm4062501
11572,nm6018502
11575,nm6579574
11577,nm2493955
11581,nm6523680
11584,nm14153610
11586,nm0698821
11590,nm6778210
11594,nm5331611
11595,nm7474355
11596,nm7519102
11605,nm0735715
11606,nm6671993
11609,nm6507706
11611,nm0484023
11613,nm0582010
11616,nm3079329
11619,nm0512054
11620,nm6854397
11621,nm6906779
11622,nm8016856
11624,nm6705452
11625,nm2512952
11626,nm0846474
11627,nm12420922
11628,nm3034680
11631,nm4672559
11632,nm12995767
11634,nm12572828
11640,nm6324450
11644,nm0555837
11649,nm5214293
11659,nm6973835
11661,nm7108251
11670,nm10597268
11671,nm0275363
11672,nm6352829
11676,nm0783808
11677,nm7313618
11678,nm4537253
11679,nm11424949
11681,nm10138913
11682,nm1934659
11684,nm14360418
11686,nm7355705
11687,nm4523764
11688,nm7549110
11690,nm7400809
11692,nm7392358
11694,nm7139920
11695,nm0088951
11699,nm1168674
11707,nm5027749
11708,nm3459497
11709,nm4588926
11710,nm0025768
11713,nm3902444
11714,nm7398514
11715,nm7119780
11716,nm6291737
11717,nm7458283
11718,nm6242434
11721,nm0024971
11722,nm2128444
11723,nm8426079
11724,nm0798418
11725,nm8411758
11726,nm7513400
11730,nm5510287
11732,nm8492650
11733,nm2616708
11734,nm1179809
11736,nm2515968
11740,nm7547463
11743,nm0685142
11744,nm5480584
11745,nm7624594
11747,nm5805344
11749,nm2629000
11751,nm10093337
11758,nm7267985
11760,nm8253762
11761,nm0677633
11763,nm1999810
11766,nm7672306
11770,nm6073786
11772,nm8642654
11773,nm7769969
11774,nm1569162
11776,nm8644856
11778,nm6817783
11781,nm7521841
11782,nm1062710
11783,nm2139732
11784,nm7211211
11786,nm5562050
11787,nm2971548
11788,nm8004101
11790,nm7618873
11791,nm4297877
11792,nm7864169
11793,nm2133029
11795,nm1887838
11797,nm2200517
11801,nm1703582
11802,nm6490998
11803,nm10770196
11804,nm13825846
11805,nm5970887
11809,nm9293128
11810,nm8124724
11812,nm6701170
11815,nm8654561
11816,nm10343857
11819,nm7418206
11820,nm1078482
11823,nm1815954
11825,nm7189101
11827,nm6018249
11830,nm1435361
11831,nm0519839
11832,nm5776632
11834,nm3022292
11836,nm7470134
11839,nm9830527
11841,nm1817264
11843,nm1575319
11844,nm9516213
11846,nm6866824
11847,nm1548283
11848,nm8273845
11851,nm10334194
11852,nm13857689
11853,nm10624896
11854,nm1108582
11855,nm7641190
11858,nm8331033
11860,nm4524000
11861,nm3463746
11862,nm9624122
11866,nm8329710
11867,nm3123752
11868,nm7624299
11870,nm4576727
11872,nm1169001
11873,nm0494559
11874,nm8146660
11875,nm2088099
11876,nm8621439
11877,nm8369604
11878,nm9217346
11883,nm3402878
11885,nm5776451
11888,nm0067949
11889,nm8680795
11890,nm1317075
11891,nm9648158
11892,nm5658186
11894,nm4820190
11896,nm7318929
11897,nm8639489
11900,nm8649220
11902,nm9129886
11903,nm12522783
11906,nm9163053
11908,nm9100094
11910,nm7651980
11911,nm8422812
11912,nm9268982
11913,nm4741537
11915,nm7830467
11916,nm10997143
11917,nm5522284
11919,nm5773278
11920,nm12430534
11923,nm8257999
11925,nm4984096
11928,nm9052940
11929,nm8813983
11930,nm5061809
11931,nm15595616
11932,nm2579472
11936,nm0310788
11937,nm9858585
11938,nm9860914
11940,nm9244403
11941,nm8025916
11944,nm5100841
11948,nm2964247
11949,nm15195983
11951,nm8961483
11952,nm8561011
11956,nm0719473
11957,nm8478091
11960,nm5499316
11962,nm1919216
11963,nm9261971
11964,nm0705178
11965,nm3773272
11968,nm10624907
11973,nm3107685
11977,nm0767432
11981,nm0031275
11982,nm9360624
11984,nm2430925
11985,nm8856648
11988,nm8603409
11989,nm5812965
11991,nm3525868
11993,nm4694476
11994,nm8388448
11995,nm9253242
11996,nm7742761
11997,nm0215541
11998,nm13935232
11999,nm10811319
12001,nm0138260
12005,nm10366102
12006,nm9814134
12007,nm9357954
12008,nm3901455
12009,nm3726382
12014,nm7846823
12016,nm5656949
12017,nm0555031
12020,nm9288184
12021,nm1742288
12024,nm8632247
12026,nm1044692
12028,nm0264235
12030,nm4925203
12031,nm9497119
12033,nm9503396
12035,nm10269055
12036,nm0153488
12037,nm9183336
12038,nm5319214
12039,nm4100704
12040,nm12231356
12041,nm9610365
12047,nm9473915
12048,nm0668743
12052,nm9648912
12054,nm8576712
12055,nm11129331
12057,nm13358040
12059,nm9361594
12062,nm9088356
12065,nm9776046
12067,nm4798792
12069,nm8148648
12070,nm9770011
12071,nm3007641
12072,nm1708725
12073,nm8137817
12074,nm2915632
12075,nm5649889
12076,nm14052101
12080,nm2067919
12082,nm2182307
12083,nm0128801
12086,nm0123932
12087,nm10098454
12088,nm10081743
12090,nm10160853
12091,nm6244477
12093,nm10020219
12094,nm2435705
12096,nm10041741
12097,nm10227223
12099,nm10948328
12101,nm0384203
12103,nm11128531
12104,nm6756914
12105,nm10045381
12107,nm9593310
12109,nm11261586
12111,nm5677992
12112,nm9211734
12114,nm10786192
12116,nm11630406
12117,nm1380379
12121,nm10417773
12123,nm3756447
12125,nm10131552
12129,nm2671069
12130,nm3624561
12131,nm7086964
12133,nm0156660
12134,nm10268976
12135,nm9549398
12136,nm3304984
12138,nm9367340
12139,nm13488844
12140,nm7710686
12141,nm10630938
12142,nm10896282
12143,nm11130413
12145,nm9549937
12147,nm1367490
12151,nm10008561
12152,nm9861924
12153,nm8290451
12154,nm9390655
12155,nm12387793
12157,nm13624173
12158,nm11290872
12159,nm15032784
12162,nm10393916
12165,nm10421489
12167,nm13595425
12168,nm11106059
12171,nm3760606
12174,nm5570007
12175,nm10421676
12176,nm2252916
12178,nm3714097
12182,nm10706534
12184,nm12776647
12185,nm6716450
12186,nm10299911
12187,nm9921953
12188,nm9580645
12189,nm12021474
12190,nm5402587
12191,nm8484251
12193,nm11638274
12194,nm11180370
12195,nm3138310
12196,nm10239106
12197,nm10558383
12203,nm10844345
12204,nm2314115
12208,nm10363321
12209,nm10640857
12210,nm10636144
12212,nm9911883
12216,nm10746335
12217,nm1420906
12218,nm11653751
12222,nm12465477
12223,nm5586389
12225,nm12714747
12227,nm10814834
12230,nm0137468
12231,nm8163065
12234,nm10196566
12236,nm0297034
12238,nm10655382
12239,nm1328726
12240,nm10186451
12241,nm1604932
12242,nm8826263
12244,nm10438515
12246,nm10970981
12247,nm1260396
12248,nm7877103
12249,nm2984738
12250,nm9048430
12251,nm3033768
12255,nm11094938
12256,nm6873006
12257,nm10421704
12259,nm4634909
12261,nm15070249
12263,nm11017231
12264,nm8916365
12266,nm6622659
12267,nm10529368
12269,nm3956874
12270,nm6468037
12271,nm1960035
12272,nm0782005
12273,nm0105686
12274,nm10397757
12275,nm9936648
12276,nm10163217
12277,nm7843365
12278,nm10605106
12279,nm9779040
12284,nm11368789
12285,nm15585206
12287,nm10096895
12290,nm11307606
12291,nm8801637
12294,nm8552414
12295,nm12713605
12297,nm12431539
12298,nm10846173
12299,nm12497910
12300,nm11321538
12301,nm13740469
12302,nm11686417
12304,nm9816691
12305,nm11969119
12306,nm14700055
12307,nm4795919
12310,nm11175693
12311,nm12793800
12313,nm1734825
12315,nm12001491
12316,nm9706533
12317,nm13616260
12318,nm10772239
12320,nm8130638
12322,nm3048012
12325,nm10033112
12326,nm2171923
12327,nm10958420
12329,nm2217657
12330,nm11098053
12331,nm11693172
12332,nm5776452
12334,nm9849349
12335,nm10996279
12336,nm5262158
12337,nm11739723
12339,nm11255724
12340,nm12923151
12341,nm13652346
12343,nm4875522
12344,nm4863002
12349,nm0883701
12350,nm0742954
12353,nm9710573
12355,nm13591543
12356,nm8770366
12357,nm10228854
12358,nm1999460
12359,nm0321005
12361,nm7580109
12363,nm12975168
12368,nm0482039
12369,nm12164800
12371,nm9302715
12375,nm14429715
12376,nm13577112
12377,nm12939688
12380,nm12358906
12381,nm11195173
12383,nm12374503
12384,nm12309508
12385,nm5518501
12386,nm3796542
12389,nm13959742
12391,nm15606467
12392,nm13693297
12393,nm12641553
12395,nm15659978
12396,nm11623698
12397,nm14457158
12402,nm12938852
12403,nm1173661
12405,nm10108593
12406,nm4617520
12407,nm12647597
12408,nm11307931
12409,nm12837016
12410,nm6672136
12411,nm4294487
12412,nm9076691
12415,nm12719985
12416,nm12148682
12417,nm10220498
12418,nm13585247
12420,nm2727118
12421,nm12766671
12424,nm12903111
12425,nm7970539
12430,nm0127396
12432,nm10855208
12433,nm13575723
12434,nm9162964
12435,nm1157280
12437,nm4832997
12438,nm12786533
12439,nm9297418
12441,nm12426641
12445,nm12562409
12446,nm0398436
12449,nm8079949
12450,nm9282239
12451,nm0585736
12452,nm1697804
12454,nm6549099
12455,nm4132108
12457,nm0693009
12459,nm14876499
12460,nm1747308
12461,nm12375150
12462,nm7529924
12463,nm15030247
12464,nm14568794
12465,nm4726706
12468,nm10784228
12469,nm10128383
12470,nm0071585
12472,nm5158927
12473,nm11456254
12474,nm12998750
12475,nm14854863
12478,nm14546966
12479,nm2677327
12481,nm9300004
12483,nm10276797
12484,nm14020461
12485,nm14397832
12486,nm8402694
12487,nm14067993
12488,nm13525105
12489,nm11100187
12490,nm6901634
12491,nm0373661
12492,nm10769743
12494,nm5967164
12496,nm12466218
12497,nm9000158
12499,nm7549607
12500,nm10971488
12501,nm14067225
12502,nm13652409
12503,nm14004195
12504,nm13662317
12507,nm13493218
12509,nm13614598
12512,nm13121123
12515,nm13607861
12516,nm11398752
12518,nm2482601
12519,nm13611674
12521,nm13668363
12524,nm7028122
12526,nm6888511
12527,nm14497800
12528,nm0221574
12533,nm13883429
12534,nm8000117
12535,nm11958857
12536,nm13954818
12538,nm6500160
12544,nm5402477
12545,nm14050639
12546,nm7084093
12550,nm8452357
12552,nm13087556
12553,nm9279520
12555,nm14979975
12558,nm10747080
12559,nm11092730
12560,nm14744253
12562,nm14765779
12565,nm15244943
12566,nm0096715
12568,nm2887354
12570,nm3526501
12571,nm0470567
12572,nm0009693
12574,nm0771425
12575,nm1225156
12576,nm10449371
12578,nm0320316
12580,nm13581686
12581,nm0127352
12583,nm0097950
12585,nm0038450
12586,nm0619318
12588,nm0973007
12590,nm0700061
12591,nm0134416
12592,nm0631958
12595,nm0480027
12599,nm0494233
12600,nm1169742
12601,nm0357293
12602,nm1050149
12604,nm0689627
12605,nm0168303
12608,nm0970343
12610,nm15581808
12611,nm0898613
12616,nm0244911
12620,nm0591645
12628,nm0349726
12631,nm1158727
12632,nm0840486
12634,nm0004382
12636,nm0071114
12637,nm1544372
12639,nm3358816
12640,nm1742326
12645,nm0156756
12646,nm13953640
12648,nm0294417
12652,nm1210895
12653,nm0949379
12654,nm1560300
12659,nm0885739
12663,nm1495519
12668,nm0782134
12671,nm1625521
12672,nm4426211
12674,nm0228028
12675,nm1007965
12678,nm0252714
12683,nm1679250
12685,nm0187814
12689,nm3520443
12691,nm1931975
12695,nm1064823
12698,nm0344470
12699,nm0539014
12700,nm1840007
12701,nm0083920
12702,nm1728407
12703,nm1714614
12704,nm0266751
12705,nm0999419
12706,nm1703507
12707,nm2629057
12709,nm2085530
12711,nm2280791
12712,nm2011422
12713,nm2312057
12714,nm0596257
12718,nm0381418
12719,nm2235048
12721,nm0190211
12722,nm0145539
12725,nm2827673
12730,nm3117473
12734,nm2086897
12740,nm1760429
12744,nm6259468
12745,nm2262539
12746,nm0224821
12747,nm9916416
12748,nm0230521
12751,nm15384595
12752,nm7637049
12753,nm3080020
12755,nm2325855
12756,nm1105708
12758,nm2113899
12759,nm0044206
12760,nm1495361
12761,nm1890509
12762,nm2738524
12763,nm2390234
12764,nm10716982
12765,nm2181760
12767,nm1883057
12768,nm2436145
12770,nm0685014
12773,nm2471706
12774,nm0370574
12777,nm2706885
12778,nm0071501
12781,nm3562900
12788,nm3303081
12791,nm14879113
12795,nm2604959
12796,nm0924510
12797,nm8466115
12798,nm10465585
12799,nm0396063
12800,nm3396478
12803,nm2079233
12811,nm0098812
12816,nm0371515
12818,nm3120115
12819,nm2204744
12820,nm3168923
12822,nm0029256
12823,nm3141743
12824,nm4794972
12825,nm3160898
12826,nm13399025
12829,nm3181055
12831,nm4222315
12832,nm1731793
12834,nm12535928
12841,nm5421822
12842,nm3524804
12844,nm0267789
12845,nm3018235
12846,nm3115704
12850,nm1090066
12852,nm12463251
12854,nm2068625
12855,nm2858776
12860,nm2996925
12861,nm1747516
12864,nm2931365
12872,nm2968781
12873,nm3226276
12877,nm12440940
12878,nm4421570
12880,nm2793021
12885,nm2008954
12886,nm2669257
12887,nm2672171
12888,nm6682918
12891,nm3118933
12895,nm3812136
12900,nm3119765
12902,nm11121894
12905,nm3312496
12906,nm3060213
12907,nm3308636
12909,nm0829424
12910,nm0159810
12911,nm0239962
12914,nm11548430
12915,nm3118963
12918,nm3648778
12919,nm2001914
12921,nm2932809
12924,nm2083825
12925,nm1225639
12927,nm0781139
12931,nm2686518
12932,nm2702746
12940,nm0521924
12943,nm1753982
12945,nm3816263
12946,nm0793696
12948,nm2992182
12950,nm1305661
12951,nm2961396
12958,nm3457212
12965,nm2255761
12967,nm3562643
12968,nm3981573
12969,nm3628562
12974,nm0495609
12978,nm2981006
12981,nm15004458
12983,nm3436967
12984,nm1242332
12985,nm3394719
12986,nm3580667
12987,nm3359867
12989,nm2432287
12990,nm3357652
12996,nm3162864
13000,nm2939122
13002,nm13257549
13004,nm3704625
13005,nm0261323
13011,nm3868604
13012,nm2846903
13016,nm0119650
13017,nm3554150
13019,nm1871170
13022,nm1522426
13023,nm1547989
13024,nm3602655
13025,nm3871538
13028,nm3781393
13029,nm4012460
13030,nm3655408
13031,nm2590777
13034,nm1300532
13038,nm0076291
13040,nm3376745
13042,nm9444182
13045,nm0481456
13047,nm0445130
13049,nm1306081
13050,nm3637182
13051,nm0494433
13053,nm10257760
13057,nm3708675
13062,nm2083076
13069,nm3646447
13071,nm0723198
13074,nm14015744
13076,nm1533122
13077,nm4380352
13079,nm15579458
13080,nm1277138
13084,nm10634727
13086,nm3594871
13087,nm4500170
13089,nm0544140
13094,nm4216460
13095,nm1505857
13096,nm3932815
13097,nm3786368
13100,nm0878732
13102,nm0916352
13106,nm1109293
13108,nm0592976
13110,nm3603495
13114,nm3888949
13116,nm4013156
13119,nm12629315
13122,nm1444973
13123,nm0360559
13124,nm1982059
13128,nm3620409
13129,nm3676513
13130,nm4292504
13134,nm3741063
13136,nm4563783
13137,nm3186020
13138,nm14363999
13140,nm0691645
13143,nm14862076
13144,nm0028441
13147,nm0875579
13149,nm4024536
13150,nm0253967
13151,nm4017418
13154,nm2992630
13156,nm0062012
13157,nm0193191
13159,nm1863607
13160,nm4653424
13164,nm1767570
13167,nm13645409
13169,nm6206853
13171,nm4081866
13175,nm4716341
13176,nm4736135
13177,nm3785503
13178,nm0259435
13179,nm11078734
13181,nm0938256
13183,nm3780357
13185,nm4392658
13188,nm4757932
13192,nm1758944
13194,nm0078427
13195,nm2943075
13196,nm4281080
13198,nm1300688
13199,nm11014345
13200,nm4047271
13201,nm4463556
13205,nm0706153
13207,nm4288407
13208,nm4111780
13209,nm6818569
13211,nm0563669
13212,nm4853715
13215,nm0521041
13218,nm3086126
13219,nm4059450
13220,nm1186254
13222,nm12655616
13223,nm4760121
13224,nm4520399
13225,nm5658411
13226,nm0521646
13228,nm0054453
13229,nm0553507
13230,nm0139672
13231,nm2468631
13233,nm5787486
13235,nm0365027
13236,nm4409697
13237,nm1501203
13238,nm0193883
13239,nm0045994
13243,nm3398633
13244,nm0779587
13248,nm4155819
13250,nm4796909
13251,nm10906445
13252,nm1559364
13253,nm4444925
13255,nm4511602
13256,nm4503078
13257,nm4502983
13258,nm4511866
13260,nm4660322
13261,nm4143487
13264,nm0094786
13269,nm0751111
13271,nm1088477
13272,nm3035232
13273,nm4816070
13279,nm4264988
13281,nm4390537
13283,nm4591915
13286,nm4552732
13287,nm2066325
13288,nm4704900
13291,nm4704333
13293,nm5025868
13298,nm4593529
13299,nm4563045
13301,nm4442063
13302,nm4150462
13306,nm5478174
13307,nm11758514
13309,nm0462439
13310,nm10287919
13311,nm4355012
13313,nm1769795
13314,nm10096855
13315,nm0684001
13319,nm3663632
13321,nm0699687
13322,nm5484865
13323,nm0814525
13324,nm0862371
13330,nm12099191
13334,nm4664489
13335,nm0647433
13336,nm4541656
13337,nm13569161
13341,nm5507277
13342,nm0660097
13345,nm4878024
13346,nm4884095
13350,nm4853184
13351,nm2182460
13353,nm1274042
13355,nm4676995
13358,nm3206301
13359,nm0489161
13360,nm7442832
13368,nm8247612
13371,nm4947025
13372,nm0116197
13373,nm0128328
13374,nm5368373
13375,nm6872481
13376,nm1018525
13378,nm5038871
13379,nm5343396
13380,nm5171479
13382,nm4318648
13384,nm5628596
13387,nm0738388
13388,nm4190763
13389,nm12869037
13390,nm4647933
13392,nm9282403
13393,nm5089104
13394,nm0561356
13395,nm5184964
13399,nm1688714
13400,nm0522149
13401,nm5494407
13403,nm1246529
13404,nm5548943
13406,nm11548927
13409,nm5324690
13410,nm6593921
13411,nm0260582
13412,nm10045425
13413,nm0684996
13414,nm4799306
13417,nm1420220
13419,nm10026015
13420,nm5141971
13425,nm5175919
13426,nm4975947
13427,nm5904390
13433,nm5176576
13434,nm13243727
13435,nm5329895
13437,nm4936339
13443,nm4620648
13444,nm3350137
13445,nm5176371
13447,nm0816442
13450,nm5363488
13451,nm8939229
13452,nm6425836
13454,nm0733983
13458,nm4686126
13460,nm5496428
13462,nm0054403
13463,nm3737845
13466,nm2251999
13467,nm0324400
13468,nm3922902
13471,nm5684254
13473,nm8430404
13474,nm5370274
13475,nm5739547
13476,nm1160480
13478,nm5581681
13482,nm4356951
13483,nm5521422
13484,nm4444502
13486,nm5553598
13488,nm0376610
13490,nm0445060
13493,nm5629668
13496,nm1470167
13497,nm5695537
13498,nm6451534
13500,nm3905232
13505,nm13525344
13506,nm0899517
13507,nm1163935
13508,nm6733167
13509,nm2758227
13510,nm0726883
13511,nm0806833
13513,nm5770162
13515,nm12465643
13516,nm0138031
13517,nm3213635
13518,nm5643019
13521,nm5672095
13522,nm1624304
13524,nm5218776
13525,nm5018074
13526,nm5753296
13527,nm0078696
13529,nm2685846
13530,nm6557453
13531,nm7216916
13533,nm5151052
13534,nm6117802
13535,nm5998769
13536,nm5245721
13539,nm5612982
13540,nm5543541
13544,nm4456971
13547,nm2979171
13551,nm5856484
13555,nm6018106
13559,nm5882933
13561,nm5072836
13563,nm0238635
13564,nm5807179
13565,nm0804518
13567,nm2623569
13572,nm6182402
13575,nm1113321
13576,nm1799342
13577,nm6772137
13579,nm12762899
13583,nm1840773
13584,nm0893783
13585,nm0331928
13588,nm6213459
13590,nm0493980
13591,nm0302369
13592,nm1526568
13594,nm1388352
13595,nm2688361
13596,nm12252716
13599,nm4874707
13601,nm0441165
13602,nm6222092
13605,nm6260243
13607,nm6037545
13608,nm7246865
13609,nm0837142
13613,nm3227837
13614,nm0400322
13615,nm9980514
13617,nm7570637
13626,nm4865458
13628,nm5157681
13632,nm0046295
13633,nm5877155
13634,nm7502808
13640,nm3025097
13641,nm6444776
13642,nm5619260
13649,nm0097356
13652,nm10364070
13654,nm6900806
13656,nm0162192
13658,nm1941252
13660,nm0784111
13663,nm0973412
13666,nm7089573
13668,nm10214804
13670,nm0483259
13671,nm6620299
13672,nm3514395
13676,nm7992771
13677,nm6602386
13681,nm6512673
13683,nm6579575
13686,nm0915320
13687,nm5420684
13688,nm7182477
13692,nm7304567
13693,nm6523681
13696,nm6672054
13697,nm4298294
13704,nm5595493
13707,nm0959300
13709,nm6671995
13711,nm2376938
13712,nm3887078
13713,nm14001836
13714,nm7373505
13716,nm6854398
13720,nm0970329
13722,nm8016855
13727,nm1351754
13728,nm0088300
13729,nm2270043
13730,nm8982446
13733,nm2530407
13738,nm1503409
13739,nm0297764
13740,nm7379141
13743,nm6726013
13745,nm0893655
13746,nm6857816
13748,nm6358452
13750,nm5796606
13752,nm4583659
13753,nm5021422
13761,nm9533080
13762,nm5005426
13763,nm0755652
13765,nm0684514
13767,nm5632769
13768,nm6725564
13769,nm9460263
13770,nm3887352
13772,nm7449626
13773,nm4725421
13774,nm4380691
13775,nm13687770
13776,nm7718974
13777,nm8393926
13778,nm9236549
13779,nm6352830
13781,nm6646037
13782,nm0367855
13783,nm4268649
13784,nm6854277
13789,nm7308371
13790,nm12133635
13793,nm12525165
13795,nm7327255
13797,nm7116214
13798,nm10127008
13799,nm7306669
13801,nm6601913
13803,nm2060055
13804,nm7311883
13809,nm6854333
13810,nm7350709
13812,nm7398531
13813,nm2457868
13815,nm1290832
13816,nm0432568
13817,nm4655830
13818,nm8770110
13819,nm8411759
13822,nm7495721
13823,nm6951862
13824,nm5509325
13827,nm6120325
13829,nm6451201
13830,nm10821851
13833,nm5109591
13836,nm7579320
13838,nm2704324
13840,nm4111888
13844,nm9384029
13845,nm1603552
13846,nm7844224
13847,nm0582228
13849,nm11160159
13850,nm0152812
13851,nm12026024
13854,nm7758612
13855,nm4843603
13856,nm11367950
13857,nm7600205
13861,nm3017544
13862,nm0639214
13864,nm0099346
13865,nm8642655
13868,nm8644855
13869,nm6442123
13870,nm0887426
13871,nm8084770
13873,nm0352670
13875,nm4612043
13876,nm7864211
13880,nm1408936
13882,nm8224582
13883,nm8004102
13885,nm6935289
13886,nm1295289
13887,nm0210221
13889,nm4403955
13892,nm0135875
13895,nm3861494
13903,nm8859562
13906,nm8124725
13907,nm0849113
13908,nm6050322
13912,nm8890407
13913,nm8614343
13916,nm3727250
13917,nm2428946
13920,nm0309322
13927,nm1277427
13929,nm7189102
13930,nm8124774
13934,nm10312139
13935,nm9854781
13936,nm9025090
13937,nm3612797
13939,nm2530687
13940,nm8495698
13941,nm8471743
13944,nm9222898
13946,nm12738568
13953,nm8062426
13956,nm8342690
13959,nm1850997
13962,nm9494061
13964,nm8473779
13965,nm7719609
13966,nm5040021
13968,nm1728739
13971,nm8315992
13972,nm7803802
13973,nm8389249
13976,nm8106175
13979,nm7455117
13980,nm0075167
13982,nm8369605
13985,nm0947986
13987,nm10962449
13988,nm7311139
13989,nm8804259
13990,nm0554705
13991,nm2562994
13992,nm0451411
13996,nm11346384
13999,nm4206854
14000,nm7067218
14003,nm7626455
14004,nm8974904
14006,nm11672155
14007,nm9163054
14008,nm5605150
14009,nm6264344
14010,nm9029809
14011,nm8135035
14012,nm11494152
14013,nm10155566
14014,nm1065122
14019,nm8137038
14022,nm4407999
14023,nm0503677
14024,nm9224749
14025,nm8746286
14026,nm9524003
14028,nm9266871
14029,nm7263073
14032,nm9045857
14033,nm1772637
14034,nm3717148
14038,nm0362552
14039,nm0643658
14040,nm9858586
14041,nm8851522
14043,nm8920557
14044,nm9033062
14046,nm3492325
14047,nm8937993
14049,nm10704172
14050,nm8961484
14051,nm8561012
14054,nm9146008
14056,nm11186212
14057,nm8989757
14058,nm9236594
14059,nm9261972
14060,nm0890982
14061,nm9045904
14064,nm8412222
14065,nm14470750
14067,nm2091626
14068,nm5386604
14071,nm1078700
14073,nm10664946
14075,nm0589269
14076,nm8181633
14079,nm9360623
14083,nm8856645
14085,nm12395243
14086,nm1801765
14089,nm9151964
14093,nm10082693
14094,nm10509267
14095,nm6997926
14097,nm9253244
14098,nm11447589
14099,nm1551852
14101,nm10641648
14102,nm6465404
14103,nm2378251
14104,nm8682499
14106,nm0316199
14108,nm0992248
14110,nm3321512
14111,nm8240643
14112,nm9803644
14113,nm3356281
14117,nm8693019
14118,nm4404428
14119,nm0137233
14120,nm7560535
14121,nm9509309
14122,nm7098443
14123,nm7076040
14124,nm9389103
14126,nm9820631
14127,nm14987605
14129,nm9462761
14131,nm9379599
14134,nm1168059
14135,nm0099980
14136,nm15621925
14137,nm7165577
14141,nm9449041
14142,nm9041832
14143,nm10977138
14144,nm2027039
14145,nm12124086
14146,nm8156393
14148,nm9582834
14149,nm9951292
14152,nm2108792
14153,nm2282761
14154,nm0671249
14156,nm1138676
14158,nm7532664
14161,nm0554623
14163,nm8479385
14164,nm11006397
14167,nm5972330
14170,nm9947012
14171,nm8722462
14173,nm11685144
14174,nm9854120
14175,nm11045196
14176,nm9824982
14177,nm10617144
14178,nm7011303
14179,nm9948874
14180,nm1051366
14186,nm9770012
14187,nm9785782
14188,nm9802914
14189,nm10356926
14194,nm9822217
14196,nm8957516
14197,nm10128409
14198,nm10098455
14202,nm8179972
14205,nm3111109
14206,nm10020221
14207,nm7622498
14209,nm6154956
14213,nm8715315
14214,nm9970112
14216,nm0539376
14219,nm1495009
14220,nm10045383
14221,nm0739274
14222,nm8128112
14224,nm2761321
14228,nm11003958
14230,nm10750217
14234,nm9466526
14238,nm2685927
14240,nm7514677
14244,nm7861293
14246,nm9491727
14248,nm12763801
14249,nm10268977
14252,nm0243146
14253,nm9367339
14254,nm5460989
14255,nm8528988
14257,nm10176239
14258,nm1101898
14261,nm11130414
14263,nm9549930
14265,nm10333548
14269,nm9861925
14270,nm4992375
14271,nm9519157
14272,nm9851700
14275,nm9326456
14277,nm9023816
14278,nm10646676
14280,nm1098175
14282,nm4544506
14283,nm2234341
14288,nm0554998
14289,nm11293792
14290,nm10537699
14291,nm11894469
14294,nm2230727
14295,nm10327406
14296,nm10657368
14298,nm8761921
14299,nm12648051
14300,nm12776645
14302,nm0043687
14303,nm9580644
14304,nm0853583
14306,nm5705004
14308,nm11415997
14312,nm1031565
14316,nm8923002
14317,nm10844346
14319,nm5148127
14320,nm10356678
14321,nm6377227
14322,nm10641693
14323,nm10363322
14325,nm10636373
14326,nm10636145
14328,nm5004074
14329,nm9911884
14333,nm10061101
14334,nm10654994
14336,nm10746336
14340,nm8780242
14342,nm11665243
14344,nm13313770
14345,nm0476482
14346,nm9941921
14347,nm9891602
14348,nm2162346
14349,nm9777555
14350,nm1324972
14352,nm1493896
14357,nm11131070
14359,nm11583172
14360,nm10923123
14361,nm4947583
14362,nm10655380
14368,nm10758456
14371,nm12639394
14375,nm6201108
14376,nm8854606
14378,nm6587545
14382,nm10472733
14383,nm11143142
14388,nm3999240
14389,nm3712863
14390,nm11787277
14391,nm10221052
14392,nm5573976
14393,nm12345675
14395,nm14049502
14396,nm8176493
14397,nm10964269
14398,nm8966654
14400,nm13591019
14401,nm13580099
14402,nm0145610
14405,nm11190555
14408,nm0165442
14411,nm1156714
14412,nm9117702
14413,nm5731795
14415,nm12342719
14420,nm8237692
14421,nm11307607
14424,nm12713603
14426,nm13795166
14427,nm10846174
14432,nm11686418
14433,nm2155246
14434,nm9816692
14435,nm10542354
14436,nm14081666
14437,nm6077587
14440,nm10441950
14442,nm11175694
14443,nm12793801
14444,nm1326897
14445,nm2949348
14446,nm10883869
14447,nm11605875
14448,nm0895606
14449,nm9372867
14450,nm0938381
14452,nm12116582
14455,nm10958421
14456,nm4401484
14458,nm12095040
14459,nm13361137
14460,nm11693173
14461,nm11583044
14462,nm8471730
14464,nm8287899
14467,nm11255725
14468,nm6781855
14469,nm4118897
14471,nm0079868
14473,nm9717243
14476,nm8640472
14478,nm0007811
14479,nm8620841
14480,nm12290865
14481,nm13591544
14483,nm6108798
14484,nm7433607
14485,nm13998171
14486,nm1291869
14489,nm9580178
14491,nm10692273
14492,nm0951976
14493,nm14110508
14495,nm0098292
14497,nm0044749
14498,nm6548386
14499,nm10056874
14501,nm12942278
14502,nm1900143
14503,nm10815521
14504,nm10673005
14507,nm12933401
14508,nm3952521
14511,nm0270005
14512,nm11621174
14516,nm12309509
14519,nm7861170
14521,nm13959743
14522,nm14198205
14524,nm11997237
14525,nm13693298
14526,nm13582022
14528,nm8532985
14530,nm10732245
14531,nm12225796
14534,nm11462652
14535,nm2644115
14537,nm12647598
14538,nm11307929
14540,nm12837017
14542,nm12156190
14544,nm5382557
14545,nm12650924
14546,nm12719984
14548,nm10058040
14549,nm12723536
14550,nm12641644
14551,nm12766672
14553,nm9111687
14554,nm12763483
14555,nm0373092
14556,nm3447958
14557,nm10235949
14558,nm14073757
14560,nm0246757
14561,nm9802466
14562,nm3743244
14565,nm13054754
14567,nm2447639
14569,nm2460292
14572,nm6444539
14575,nm14572180
14578,nm13597027
14579,nm9165599
14580,nm4689397
14581,nm9132489
14582,nm4752156
14583,nm11160957
14584,nm4155909
14585,nm13975186
14588,nm10758267
14593,nm15023556
14594,nm13279063
14596,nm8858440
14599,nm12787121
14601,nm12703488
14602,nm12998749
14603,nm13581718
14604,nm14854864
14605,nm5794946
14607,nm15530323
14610,nm1430098
14612,nm14020460
14615,nm12799494
14616,nm10150672
14618,nm0508830
14619,nm14820947
14621,nm13824712
14622,nm1708793
14623,nm10971490
14625,nm13652410
14626,nm14004196
14627,nm0575696
14629,nm8596700
14630,nm13580124
14632,nm10739338
14633,nm15471897
14634,nm13610668
14635,nm10138559
14636,nm13171050
14637,nm2742746
14638,nm13611675
14639,nm15322352
14643,nm0181429
14644,nm2008826
14645,nm0545862
14646,nm0152474
14647,nm0693751
14648,nm14004257
14651,nm11031228
14653,nm1071149
14657,nm13883430
14658,nm13602686
14659,nm13633111
14662,nm4746399
14663,nm13684474
14664,nm1523587
14665,nm11207060
14667,nm0191201
14668,nm13866829
14669,nm5402517
14673,nm14282086
14674,nm7867622
14675,nm2536619
14677,nm10606841
14678,nm13087557
14679,nm8860518
14680,nm11773402
14681,nm15188803
14684,nm14163049
14685,nm5232172
14686,nm3579934
14687,nm5053972
14688,nm7906561
14689,nm3640840
14690,nm14744254
14691,nm14765780
14692,nm3303544
14693,nm8088246
14694,nm3646632
14695,nm10140129
14696,nm3526100
14697,nm0386848
14700,nm0019924
14701,nm0800311
14703,nm1561651
14705,nm0545645
14706,nm1687756
14710,nm0237834
14711,nm0876788
14712,nm0033821
14714,nm0858284
14715,nm0149192
14718,nm0050976
14722,nm0120683
14727,nm0752294
14732,nm0036907
14734,nm0762524
14735,nm0939702
14740,nm0647946
14742,nm0422514
14743,nm0728517
14746,nm1028701
14747,nm0972608
14748,nm1051073
14752,nm0605281
14753,nm0060821
14754,nm0542278
14756,nm10355335
14757,nm1126097
14758,nm0246353
14759,nm0499546
14763,nm0807278
14768,nm0953540
14770,nm11202648
14771,nm1000181
14772,nm1205086
14773,nm1186505
14776,nm0337246
14778,nm0261249
14779,nm0156700
14782,nm0073415
14784,nm0538953
14785,nm1310349
14788,nm11485064
14789,nm1591758
14790,nm0516582
14792,nm2311844
14793,nm0245049
14794,nm3687627
14795,nm1271933
14797,nm1444936
14800,nm0503424
14804,nm1212717
14805,nm3360040
14807,nm0240426
14808,nm1742330
14809,nm1382822
14810,nm1345644
14812,nm7052865
14813,nm3119525
14819,nm0134593
14821,nm2012616
14824,nm0875585
14825,nm0891502
14828,nm0362570
14829,nm1616486
14831,nm3649337
14834,nm0685651
14835,nm0269438
14837,nm0488690
14838,nm1671567
14839,nm0387914
14840,nm0244763
14841,nm1227678
14844,nm1594891
14845,nm1566336
14847,nm1626241
14848,nm0337106
14849,nm0230080
14851,nm11748020
14852,nm0217845
14856,nm0953407
14859,nm1935774
14860,nm2519134
14861,nm1742335
14862,nm1433105
14864,nm1900755
14866,nm1064338
14868,nm11554024
14872,nm4651687
14874,nm0945922
14875,nm11770384
14876,nm1924710
14878,nm0026710
14880,nm0747094
14881,nm2363557
14882,nm2510048
14886,nm0451875
14887,nm15528653
14889,nm0286248
14891,nm0420457
14892,nm1508231
14893,nm10851262
14894,nm1702654
14895,nm2629610
14897,nm2859160
14900,nm2263498
14901,nm2217346
14903,nm2004529
14906,nm2975562
14907,nm0698921
14908,nm2026039
14909,nm13228678
14910,nm0559338
14913,nm2343533
14914,nm12934028
14915,nm8298789
14920,nm2234365
14921,nm2454812
14925,nm2166785
14927,nm2262052
14928,nm2434060
14929,nm10901293
14932,nm0492100
14933,nm0706625
14934,nm0848083
14936,nm3366818
14937,nm1560551
14940,nm1242047
14941,nm2293694
14945,nm0496381
14946,nm13564575
14948,nm3183101
14949,nm10861795
14950,nm2514271
14951,nm0683531
14953,nm3750829
14954,nm1048105
14956,nm2486428
14958,nm13216828
14960,nm2336252
14961,nm0144274
14965,nm0545459
14972,nm2674499
14973,nm1109166
14974,nm1821102
14979,nm2154309
14980,nm3256690
14982,nm3495911
14983,nm3183378
14985,nm15571822
14986,nm12363329
14987,nm9133922
14988,nm0746156
14992,nm0875208
14994,nm0610086
14995,nm0623332
14996,nm0312407
14998,nm12207269
14999,nm3222487
15000,nm10224060
15003,nm1799112
15005,nm2654452
15007,nm8245433
15008,nm12838446
15009,nm2105350
15012,nm1067369
15013,nm1477185
15018,nm2475780
15025,nm2867956
15026,nm3119989
15029,nm2739469
15032,nm2214860
15033,nm11781713
15034,nm3081911
15036,nm1878524
15038,nm0829380
15039,nm12437773
15040,nm3141448
15041,nm1668574
15042,nm3161120
15043,nm0025067
15045,nm7520374
15047,nm1518669
15048,nm4863653
15056,nm3119588
15058,nm3307851
15059,nm3037214
15060,nm6565305
15061,nm3605384
15062,nm1089546
15066,nm0149704
15069,nm2858114
15071,nm3010533
15072,nm0306274
15073,nm2996844
15075,nm1770590
15077,nm2932814
15079,nm2931120
15081,nm3380786
15083,nm14866567
15084,nm8000861
15086,nm4254238
15088,nm3801217
15092,nm3545303
15093,nm3227151
15096,nm3798283
15097,nm0883462
15100,nm2236338
15101,nm2672302
15102,nm0479384
15103,nm2189563
15104,nm3666482
15107,nm3938076
15108,nm2748232
15109,nm12277725
15111,nm2919958
15112,nm3624362
15117,nm0421818
15118,nm3464521
15119,nm4338247
15121,nm1508790
15126,nm0239428
15127,nm0673972
15129,nm0525552
15130,nm2745997
15131,nm3904979
15133,nm3729335
15134,nm3438028
15140,nm3744576
15148,nm1339403
15152,nm0548101
15153,nm3425769
15154,nm2706850
15155,nm2845604
15158,nm0539764
15160,nm3816235
15163,nm3288804
15166,nm3863140
15167,nm3241306
15170,nm14635547
15174,nm3337337
15177,nm3204469
15178,nm10619626
15181,nm10248929
15187,nm0274383
15188,nm1074528
15193,nm3545717
15194,nm3528119
15198,nm3047975
15200,nm2091300
15203,nm10196177
15206,nm3580474
15208,nm3436846
15211,nm0453405
15214,nm3162995
15215,nm1504980
15220,nm0730176
15223,nm0875170
15225,nm3602777
15226,nm4165350
15227,nm3868433
15232,nm0228088
15234,nm14364041
15237,nm3753209
15239,nm2675199
15243,nm4610625
15245,nm0117661
15247,nm3805567
15248,nm3376257
15251,nm0401122
15253,nm0131399
15255,nm0194612
15256,nm3801968
15258,nm0173585
15259,nm3636427
15260,nm1548395
15264,nm0471762
15265,nm2149845
15266,nm3290051
15271,nm3885117
15272,nm3465812
15275,nm2157037
15277,nm0182907
15280,nm3137798
15281,nm3554815
15282,nm4380168
15288,nm1309761
15289,nm11142262
15290,nm12413090
15292,nm5503448
15297,nm0197275
15298,nm4748058
15300,nm1059283
15306,nm11949573
15307,nm4277690
15310,nm0764939
15311,nm0326655
15312,nm3905540
15313,nm11350032
15314,nm8666624
15316,nm0277990
15317,nm0998155
15318,nm3603072
15323,nm3887361
15325,nm4019876
15328,nm0034073
15329,nm3752395
15330,nm12282308
15331,nm3890840
15333,nm4905517
15335,nm3907948
15336,nm2335338
15337,nm1160577
15340,nm3620589
15344,nm4017785
15345,nm4053012
15346,nm4113724
15347,nm4795254
15350,nm3773976
15351,nm0925142
15352,nm15107914
15354,nm1566327
15355,nm4082163
15358,nm14654833
15361,nm1288058
15362,nm0040207
15364,nm0220313
15366,nm0312785
15367,nm4654306
15372,nm3083718
15374,nm0223866
15376,nm4992398
15377,nm0718704
15381,nm3724719
15382,nm4070449
15383,nm1736488
15386,nm2366023
15387,nm4766078
15390,nm6403773
15392,nm1423757
15393,nm1053580
15396,nm0275013
15399,nm3142984
15401,nm9194196
15403,nm1042731
15404,nm1911520
15405,nm4757928
15406,nm3073812
15407,nm3539338
15409,nm4283176
15410,nm10805188
15411,nm3671329
15412,nm3320333
15413,nm2628932
15414,nm3660649
15417,nm4599748
15419,nm0780523
15420,nm4071191
15422,nm1217808
15423,nm4196514
15424,nm4288737
15425,nm8247075
15426,nm4331184
15428,nm2117238
15429,nm4916156
15431,nm4579849
15432,nm5256616
15433,nm3647035
15434,nm4186702
15435,nm4655357
15436,nm0767061
15437,nm0713119
15439,nm10261027
15441,nm5300770
15448,nm0796264
15450,nm2331814
15452,nm0493691
15455,nm5186295
15457,nm3120620
15458,nm0073457
15459,nm3980850
15460,nm0331433
15462,nm1344240
15463,nm3136132
15464,nm1501607
15466,nm10612427
15468,nm3642761
15471,nm1674974
15474,nm4449073
15475,nm5007685
15479,nm0069868
15480,nm0029240
15481,nm4512265
15483,nm0288204
15484,nm4641295
15485,nm1652335
15486,nm4142643
15487,nm15600466
15491,nm3417464
15493,nm3148001
15496,nm5505643
15503,nm4265072
15505,nm4389100
15507,nm3670942
15508,nm5014861
15509,nm4851007
15511,nm5025805
15512,nm0580934
15514,nm0239721
15516,nm4442359
15517,nm1228240
15520,nm5478443
15521,nm4830041
15522,nm0516554
15524,nm5114528
15526,nm1327467
15530,nm5362815
15531,nm1954220
15537,nm1436184
15538,nm3884868
15539,nm5077281
15542,nm12062378
15547,nm1455412
15548,nm1194741
15557,nm4679724
15558,nm1387232
15559,nm4534527
15560,nm5254381
15561,nm1717864
15562,nm3286711
15563,nm5033134
15564,nm5855572
15565,nm4877996
15566,nm4884604
15567,nm4162364
15568,nm3313290
15569,nm4865940
15574,nm4088936
15575,nm4677106
15580,nm0706218
15583,nm5806210
15584,nm1330168
15586,nm0849944
15587,nm2175082
15592,nm5487553
15593,nm15153356
15595,nm3594283
15597,nm8247613
15599,nm4947057
15600,nm0891292
15601,nm1239711
15602,nm5518454
15603,nm5551257
15604,nm5039026
15605,nm5343427
15608,nm2457255
15609,nm10912207
15610,nm5628799
15611,nm4892956
15613,nm4982591
15614,nm4641689
15615,nm5584220
15617,nm0816387
15618,nm4595603
15620,nm0529647
15621,nm0589634
15623,nm13874412
15624,nm2067248
15630,nm4668091
15632,nm0891914
15633,nm0142298
15638,nm11155939
15640,nm7614775
15642,nm1893803
15645,nm11797795
15647,nm2008863
15650,nm7928253
15652,nm1148701
15653,nm5175923
15654,nm5181048
15663,nm13269135
15664,nm1519727
15665,nm2395048
15666,nm5254346
15670,nm2121084
15672,nm10132052
15675,nm12496739
15677,nm4620403
15678,nm1570766
15679,nm1399885
15680,nm0947410
15681,nm5363670
15682,nm9107719
15683,nm6425837
15685,nm5814271
15688,nm5568677
15689,nm13044329
15693,nm6728381
15694,nm4172337
15695,nm4098053
15696,nm3027083
15698,nm2452936
15700,nm6060268
15704,nm0704630
15705,nm5627197
15706,nm2746310
15708,nm10965870
15710,nm2498027
15711,nm5521650
15714,nm0668189
15715,nm5553305
15716,nm10897131
15717,nm1389482
15718,nm2184615
15719,nm0181143
15720,nm9935388
15721,nm5519049
15722,nm0682634
15728,nm0407087
15731,nm7094422
15732,nm5420894
15734,nm3499207
15736,nm4943565
15737,nm6733168
15739,nm0190484
15740,nm1132718
15741,nm1728965
15742,nm5089380
15747,nm5712139
15749,nm0722920
15750,nm3795727
15752,nm4492872
15753,nm5672031
15756,nm4036953
15759,nm12092976
15761,nm5753297
15763,nm0292015
15764,nm5826963
15765,nm6557454
15766,nm3661370
15768,nm5889290
15769,nm6588205
15771,nm4346937
15773,nm3472372
15776,nm7229050
15779,nm5630226
15780,nm2979908
15784,nm5291628
15785,nm5856485
15790,nm7305307
15791,nm5837610
15794,nm5670992
15795,nm2783066
15798,nm0108032
15800,nm0857781
15802,nm6412111
15804,nm5195605
15807,nm0410099
15808,nm6381415
15809,nm6712200
15810,nm6574569
15813,nm3793762
15817,nm0530020
15818,nm6880413
15819,nm2754690
15821,nm1679539
15822,nm1465727
15823,nm1714703
15824,nm1816998
15826,nm12986561
15827,nm2323180
15828,nm6213460
15829,nm3042147
15833,nm6191569
15834,nm3848871
15835,nm0519735
15836,nm6303888
15840,nm0463928
15842,nm6242232
15843,nm10437529
15845,nm6037547
15846,nm7246866
15853,nm3932793
15854,nm6615040
15859,nm1499613
15861,nm6231424
15867,nm0440024
15869,nm7146166
15870,nm6927478
15873,nm5877154
15876,nm4085129
15879,nm10853023
15884,nm6975801
15888,nm6340785
15889,nm10173318
15890,nm2117474
15892,nm15568781
15893,nm6488776
15899,nm6447088
15905,nm7322145
15906,nm7487321
15907,nm6588251
15908,nm6620300
15909,nm1390413
15911,nm1960063
15912,nm4562305
15913,nm5626560
15917,nm2258992
15919,nm6512674
15920,nm8472601
15923,nm1146296
15927,nm6706760
15928,nm7182478
15929,nm5521124
15930,nm0681974
15932,nm7901648
15933,nm6466013
15934,nm0763982
15938,nm6659513
15939,nm0763279
15940,nm5811069
15943,nm0200887
15944,nm3041988
15946,nm6481336
15948,nm6671994
15951,nm1113543
15952,nm4358202
15954,nm3064826
15955,nm6841611
15956,nm7393566
15957,nm3119680
15958,nm7173666
15959,nm0133213
15960,nm3725621
15961,nm12758859
15962,nm5036196
15963,nm6264846
15964,nm7476955
15966,nm8016857
15967,nm6220170
15969,nm5480262
15971,nm4873222
15972,nm7334568
15975,nm13010999
15976,nm1595091
15978,nm1117686
15979,nm0621625
15982,nm12249217
15985,nm7286379
15986,nm7195072
15987,nm4308860
15991,nm2184336
15992,nm6857812
15994,nm13009131
15995,nm4067896
16000,nm6799230
16003,nm1992584
16005,nm7666578
16008,nm6188576
16015,nm0543895
16016,nm6746189
16019,nm3260662
16021,nm8393927
16022,nm5487541
16023,nm6866344
16024,nm7331541
16025,nm7976185
16026,nm6854276
16029,nm0230483
16034,nm3704538
16037,nm7314077
16038,nm3725691
16040,nm7266478
16041,nm1295004
16042,nm7676104
16044,nm4018549
16045,nm7327256
16048,nm8617877
16049,nm8314742
16050,nm7908441
16051,nm7311884
16053,nm6439302
16055,nm1336516
16056,nm6711363
16057,nm0287310
16058,nm7839879
16061,nm0605429
16064,nm5287110
16065,nm6854334
16066,nm8982419
16067,nm6517234
16068,nm7398525
16069,nm7119777
16070,nm7467240
16072,nm6242432
16073,nm13820108
16077,nm6551427
16078,nm8770115
16079,nm7377141
16080,nm6003436
16081,nm10049644
16084,nm1458462
16088,nm1200481
16089,nm0866333
16090,nm0178689
16093,nm1534265
16094,nm7595984
16097,nm12891072
16098,nm7529788
16099,nm0528297
16102,nm7038046
16105,nm1044951
16107,nm0299951
16111,nm15722955
16112,nm9239003
16115,nm0672922
16116,nm0016371
16118,nm0582653
16119,nm2917573
16121,nm11790884
16122,nm7267978
16124,nm0548032
16125,nm7841388
16127,nm1955816
16128,nm3836232
16133,nm8642656
16137,nm5088969
16138,nm0225765
16139,nm8644857
16140,nm11417665
16141,nm2280428
16143,nm7521840
16146,nm4645107
16149,nm0630625
16151,nm0807054
16152,nm7922532
16153,nm11442933
16155,nm8292248
16156,nm8004103
16158,nm0345497
16160,nm9211799
16161,nm2486937
16162,nm2492387
16167,nm0918099
16168,nm7168529
16170,nm3608429
16174,nm4788482
16175,nm7662855
16176,nm4965605
16178,nm3941091
16179,nm0808861
16180,nm8859563
16182,nm10128437
16184,nm7077028
16187,nm5525743
16188,nm7078703
16191,nm8554276
16192,nm6077431
16193,nm15615462
16194,nm7052263
16195,nm9216037
16197,nm0524992
16199,nm6659652
16200,nm8661522
16201,nm8030916
16202,nm10376432
16203,nm5949991
16204,nm8124733
16205,nm8124776
16206,nm8035636
16208,nm6352268
16209,nm7312827
16212,nm8332323
16216,nm8495699
16217,nm8471744
16218,nm6170134
16221,nm3822788
16222,nm8063378
16223,nm1178584
16224,nm7718087
16229,nm6120842
16230,nm7583468
16232,nm8273846
16236,nm10334196
16237,nm8342691
16240,nm7094397
16242,nm10182055
16244,nm8473781
16246,nm1082405
16251,nm10712073
16252,nm0680550
16254,nm0067845
16257,nm0710810
16259,nm8661542
16260,nm8507167
16261,nm3543541
16262,nm7679949
16263,nm8761933
16264,nm8619060
16267,nm7307741
16268,nm6434640
16272,nm8804260
16274,nm4831715
16275,nm2732201
16277,nm7805144
16279,nm2128801
16280,nm7619663
16281,nm9808198
16282,nm1832913
16284,nm8587051
16285,nm8915877
16287,nm2329658
16288,nm9504572
16290,nm7832669
16291,nm1773314
16296,nm9029811
16298,nm6197443
16299,nm2537659
16300,nm6274094
16301,nm0086129
16302,nm5504138
16303,nm9643198
16304,nm15609471
16305,nm4455751
16306,nm5801732
16307,nm9968707
16309,nm8679431
16310,nm5199742
16312,nm6001868
16313,nm2140485
16314,nm3759145
16316,nm9269048
16317,nm10285942
16318,nm5270527
16319,nm1082156
16320,nm8834290
16321,nm9045858
16323,nm1104992
16324,nm0065823
16325,nm4332399
16326,nm9028859
16329,nm5620855
16330,nm11371573
16331,nm1006317
16332,nm2558275
16333,nm8865344
16337,nm11063347
16338,nm8937994
16340,nm8961485
16341,nm14677526
16342,nm9146011
16344,nm5780392
16345,nm8025733
16348,nm1614802
16349,nm1494563
16350,nm0240706
16351,nm11342893
16353,nm0442803
16355,nm7904437
16359,nm3136140
16362,nm8502204
16363,nm15648917
16368,nm2495221
16370,nm5879572
16371,nm5296974
16372,nm8856644
16373,nm3265325
16376,nm9246609
16380,nm9060225
16382,nm9722096
16384,nm10521953
16386,nm9253243
16387,nm11447590
16390,nm10641645
16393,nm5245095
16394,nm9274928
16395,nm10559852
16397,nm5565659
16398,nm7943972
16399,nm1087423
16400,nm9796905
16403,nm7511919
16405,nm5039415
16407,nm2720958
16411,nm1307848
16413,nm7217179
16415,nm4756330
16416,nm10607439
16419,nm8727106
16420,nm2989239
16421,nm2995875
16422,nm0684413
16425,nm8881210
16427,nm0110331
16430,nm10076472
16431,nm6137761
16433,nm10269056
16435,nm9449042
16437,nm8107538
16439,nm15053076
16444,nm0199546
16445,nm9951293
16448,nm2423567
16451,nm9055194
16452,nm10019184
16454,nm3947700
16456,nm10631457
16458,nm12312897
16459,nm1886297
16460,nm4730824
16461,nm0917682
16462,nm9169023
16464,nm14812107
16465,nm2604660
16466,nm1526677
16470,nm0110000
16471,nm8812594
16473,nm10067306
16475,nm9789764
16477,nm9770013
16483,nm6211601
16484,nm0452249
16487,nm7711481
16488,nm3168012
16489,nm5988891
16490,nm6874230
16492,nm1117787
16493,nm10564935
16494,nm10427037
16495,nm15667365
16496,nm8957517
16497,nm0545844
16500,nm0239870
16501,nm6718695
16504,nm9554093
16507,nm5188975
16508,nm5641508
16509,nm10711801
16510,nm0626521
16512,nm2735063
16513,nm0096763
16514,nm14296068
16515,nm10227224
16516,nm1345980
16517,nm4598474
16519,nm9427307
16520,nm10130522
16521,nm11128532
16523,nm0446326
16524,nm10247496
16525,nm5326662
16526,nm9664814
16527,nm0476814
16528,nm11003959
16529,nm4570527
16530,nm8698783
16533,nm15344180
16535,nm4811585
16538,nm1560544
16539,nm9756236
16542,nm9987817
16543,nm1682614
16545,nm5669488
16546,nm12933215
16547,nm8364064
16548,nm4190979
16549,nm0802769
16550,nm12763815
16551,nm9502670
16553,nm9783902
16555,nm9062302
16556,nm0889475
16557,nm13652669
16558,nm8568434
16561,nm8913915
16563,nm2840660
16564,nm2157503
16567,nm4722704
16568,nm10250865
16573,nm9861929
16574,nm3458371
16577,nm10469797
16578,nm5814128
16582,nm9653683
16584,nm15516686
16587,nm4242209
16593,nm9519573
16594,nm8387852
16595,nm2864177
16599,nm1063204
16600,nm8712098
16603,nm6735314
16604,nm9403098
16605,nm10932986
16607,nm4427342
16608,nm0234747
16609,nm10510821
16612,nm10418367
16622,nm3405098
16623,nm8969764
16624,nm13120418
16625,nm0416051
16626,nm10636146
16627,nm0385179
16629,nm0121518
16630,nm5553783
16632,nm10091941
16634,nm4585831
16636,nm10703942
16637,nm8239405
16638,nm4570648
16639,nm10684020
16641,nm10601066
16642,nm12718872
16644,nm8965018
16645,nm2560222
16649,nm13031163
16650,nm12684672
16654,nm10070800
16657,nm9322167
16659,nm0944333
16661,nm3148287
16662,nm11034565
16663,nm10196567
16664,nm5221691
16665,nm1544705
16666,nm12634755
16667,nm7276744
16668,nm15571048
16669,nm10342987
16670,nm6337635
16671,nm11778432
16673,nm5586991
16675,nm13494519
16676,nm11291773
16679,nm1127710
16680,nm3344375
16682,nm11326276
16683,nm11094940
16685,nm3503436
16687,nm3713134
16689,nm9231594
16690,nm4427331
16691,nm2429735
16692,nm2798222
16693,nm12412076
16694,nm11320236
16695,nm1457773
16698,nm12623816
16699,nm13591018
16702,nm1568757
16703,nm9946750
16704,nm14147519
16705,nm12141327
16706,nm10471552
16708,nm13609823
16711,nm9936649
16712,nm2976259
16713,nm6998370
16715,nm11402873
16717,nm12342720
16718,nm3895516
16719,nm0042256
16722,nm0850152
16726,nm8724135
16727,nm14867735
16729,nm0652389
16730,nm9759583
16732,nm9424298
16734,nm12713606
16735,nm11361348
16736,nm13795167
16738,nm10846175
16739,nm14536376
16740,nm11430819
16745,nm4956887
16746,nm14081667
16747,nm6728910
16749,nm7733069
16751,nm13142143
16752,nm5925129
16754,nm13524836
16755,nm13580112
16756,nm1641171
16757,nm9392446
16758,nm11050340
16759,nm12276021
16762,nm11951975
16763,nm10958422
16764,nm11392463
16765,nm10154856
16766,nm11693174
16767,nm0109878
16770,nm6143475
16771,nm10387724
16772,nm12296213
16773,nm2478840
16774,nm11342998
16775,nm8609804
16776,nm12874089
16777,nm11838393
16779,nm12494646
16780,nm8157833
16781,nm1273557
16782,nm3382654
16786,nm5824201
16788,nm8002173
16789,nm7079326
16790,nm10886970
16791,nm1152652
16793,nm13037734
16794,nm2995197
16800,nm9137581
16801,nm1442278
16802,nm14204415
16804,nm0728971
16805,nm11813660
16806,nm13510192
16808,nm5657026
16809,nm9936462
16810,nm3554873
16811,nm0378999
16815,nm11129288
16818,nm0143684
16819,nm3202238
16820,nm14110509
16821,nm11050612
16822,nm12749652
16824,nm11343212
16825,nm12808061
16826,nm0398298
16827,nm9059784
16828,nm8079746
16829,nm10100368
16830,nm0616604
16833,nm14007916
16834,nm12775195
16835,nm4588811
16836,nm1476369
16837,nm14171997
16838,nm11345627
16839,nm10033796
16840,nm12354600
16841,nm7204758
16842,nm11966876
16843,nm12374508
16845,nm6289923
16846,nm12062442
16848,nm12179954
16849,nm5448530
16850,nm4663718
16851,nm12881714
16852,nm11565101
16853,nm13959744
16854,nm12139023
16855,nm2990652
16858,nm13693299
16859,nm13342922
16860,nm4925834
16864,nm9222902
16865,nm7655745
16866,nm0136641
16867,nm7524986
16868,nm9925402
16869,nm11462651
16871,nm12750430
16872,nm12715870
16873,nm12789605
16875,nm12299944
16876,nm12522435
16878,nm10078453
16879,nm12650925
16881,nm1117310
16882,nm14794896
16883,nm7318671
16884,nm12723537
16885,nm12641834
16886,nm14831114
16887,nm6738952
16889,nm12763484
16890,nm11045035
16894,nm4145606
16895,nm13044311
16897,nm1408046
16898,nm10156068
16899,nm15149131
16900,nm6941066
16902,nm12633802
16904,nm0815671
16905,nm10578924
16906,nm11378468
16910,nm13609812
16913,nm3096248
16915,nm13975187
16917,nm5776464
16918,nm14881391
16920,nm12375151
16923,nm12350353
16924,nm15205116
16927,nm10401378
16929,nm13693414
16930,nm0013398
16931,nm7922716
16933,nm15428671
16934,nm9354675
16936,nm9720964
16937,nm6171074
16938,nm10665336
16940,nm2192994
16941,nm14638956
16944,nm11746459
16945,nm13238649
16947,nm12353888
16948,nm13571050
16950,nm14031865
16951,nm6627409
16952,nm3879537
16953,nm13525106
16954,nm5740737
16955,nm7032069
16958,nm0134491
16960,nm13420161
16961,nm14894187
16962,nm9468837
16963,nm1101953
16964,nm11039796
16965,nm7405505
16966,nm0581834
16967,nm3950367
16968,nm15155754
16969,nm1708119
16970,nm7550746
16971,nm4392103
16972,nm13652412
16973,nm14004197
16975,nm13580123
16978,nm2062109
16979,nm13610669
16980,nm6745676
16982,nm7489737
16983,nm13611673
16984,nm0289291
16985,nm1093910
16986,nm11811347
16989,nm2059443
16992,nm11031494
16993,nm11363748
16996,nm13843767
16997,nm14264278
17000,nm3244313
17001,nm11472869
17002,nm13883431
17003,nm10662997
17004,nm11306934
17005,nm15100461
17007,nm4558127
17008,nm0090609
17009,nm14240820
17010,nm0396507
17011,nm12372750
17013,nm4385128
17014,nm2218908
17017,nm3226096
17018,nm14623340
17020,nm0719570
17021,nm14573006
17023,nm12145223
17024,nm14638185
17025,nm11773401
17027,nm14979976
17028,nm8505773
17030,nm10688768
17031,nm6082747
17032,nm14765781
17033,nm14849472
17034,nm10444752
17036,nm9899548
